{"cameraMode":{"drawMode":0,"name":"Shaded","section":"Shading Mode"},"sceneLighting":true,"audioPlay":false,"sceneViewState":{"m_AlwaysRefresh":false,"showFog":true,"showSkybox":true,"showFlares":true,"showImageEffects":true,"showParticleSystems":true,"showVisualEffectGraphs":true,"m_FxEnabled":true},"in2DMode":false,"pivot":{"x":-358.28570556640627,"y":-57.653656005859378,"z":-37.817108154296878},"rotation":{"x":0.05891817808151245,"y":-0.742539644241333,"z":0.06588313728570938,"w":0.6639673113822937},"size":191.80075073242188,"orthographic":false}